,line,destination,stop,bus,datetime,estimateArrive,DistanceBus
0,44,CALLAO,2403,4734,2020-05-18 23:00:05.542585,403,465
1,82,PITIS,1705,4715,2020-05-18 23:00:07.066087,893,4857
2,82,PITIS,1705,4717,2020-05-18 23:00:07.066087,2573,11175
3,132,HOSPITAL LA PAZ,1516,4834,2020-05-18 23:00:07.984308,198,913
4,132,HOSPITAL LA PAZ,1516,4692,2020-05-18 23:00:07.984308,848,4909
5,133,CALLAO,1350,5474,2020-05-18 23:00:06.602304,156,1883
6,132,HOSPITAL LA PAZ,3288,4828,2020-05-18 23:00:07.088762,155,927
7,132,HOSPITAL LA PAZ,3288,4834,2020-05-18 23:00:07.088762,774,4054
8,132,MONCLOA,3286,4825,2020-05-18 23:00:07.183117,932,4717
9,1,CRISTO REY,283,116,2020-05-18 23:00:06.435222,39,194
10,44,MARQUES DE VIANA,283,4741,2020-05-18 23:00:06.435222,710,2515
11,133,MIRASIERRA,283,4697,2020-05-18 23:00:06.435222,992,780
12,1,CRISTO REY,283,119,2020-05-18 23:00:06.435222,1170,5165
13,133,MIRASIERRA,283,5474,2020-05-18 23:00:06.435222,2022,11522
14,132,HOSPITAL LA PAZ,1605,4828,2020-05-18 23:00:06.460519,222,1398
15,132,HOSPITAL LA PAZ,1605,4834,2020-05-18 23:00:06.460519,807,4468
16,1,CRISTO REY,4094,119,2020-05-18 23:00:06.495205,979,4212
17,1,CRISTO REY,4094,121,2020-05-18 23:00:06.495205,2154,5286
18,133,MIRASIERRA,1614,4695,2020-05-18 23:00:05.511819,296,1432
19,133,MIRASIERRA,1614,4689,2020-05-18 23:00:05.511819,1102,10774
20,132,HOSPITAL LA PAZ,1364,4834,2020-05-18 23:00:06.835530,426,2104
21,132,HOSPITAL LA PAZ,1364,4692,2020-05-18 23:00:06.835530,1081,6538
22,132,HOSPITAL LA PAZ,3276,4835,2020-05-18 23:00:07.085788,632,3444
23,1,PROSPERIDAD,731,120,2020-05-18 23:00:06.887533,1178,4037
24,1,PROSPERIDAD,731,116,2020-05-18 23:00:06.887533,2697,8156
25,82,PITIS,1697,4715,2020-05-18 23:00:06.636051,681,3306
26,82,PITIS,1697,4717,2020-05-18 23:00:06.636051,2361,9930
27,82,MONCLOA,1634,4713,2020-05-18 23:00:06.748902,634,2719
28,82,MONCLOA,1713,4713,2020-05-18 23:00:06.463959,1010,4727
29,44,MARQUES DE VIANA,803,4741,2020-05-18 23:00:07.920285,1119,4751
30,132,MONCLOA,1652,4825,2020-05-18 23:00:07.082677,598,2963
31,132,MONCLOA,1578,4825,2020-05-18 23:00:08.350510,829,4185
32,132,MONCLOA,1656,4825,2020-05-18 23:00:06.443193,507,2443
33,133,MIRASIERRA,5456,4689,2020-05-18 23:00:06.505208,862,9451
34,132,HOSPITAL LA PAZ,1674,4692,2020-05-18 23:00:07.030435,322,2295
35,132,HOSPITAL LA PAZ,1674,4835,2020-05-18 23:00:07.030435,990,5837
36,133,MIRASIERRA,1359,4695,2020-05-18 23:00:07.908083,184,742
37,133,MIRASIERRA,1359,4689,2020-05-18 23:00:07.908083,1024,10085
38,82,PITIS,1720,4710,2020-05-18 23:00:07.072137,168,923
39,82,PITIS,1720,4715,2020-05-18 23:00:07.072137,1371,7447
40,1,PROSPERIDAD,162,120,2020-05-18 23:00:07.981088,762,2367
41,1,PROSPERIDAD,162,116,2020-05-18 23:00:07.981088,2375,6520
42,1,PROSPERIDAD,423,120,2020-05-18 23:00:05.483468,910,2875
43,1,PROSPERIDAD,423,116,2020-05-18 23:00:05.483468,2490,7017
44,44,MARQUES DE VIANA,2390,4741,2020-05-18 23:00:08.299438,1151,5022
45,44,MARQUES DE VIANA,2402,4722,2020-05-18 23:00:05.473839,608,2622
46,82,PITIS,4404,4710,2020-05-18 23:00:07.912135,656,4569
47,82,PITIS,4404,4715,2020-05-18 23:00:07.912135,1795,11081
48,132,HOSPITAL LA PAZ,1687,4835,2020-05-18 23:00:06.463348,510,2264
49,82,PITIS,1687,4715,2020-05-18 23:00:06.463348,531,2243
50,132,HOSPITAL LA PAZ,1687,4687,2020-05-18 23:00:06.463348,1307,5649
51,82,PITIS,1687,4717,2020-05-18 23:00:06.463348,2212,8348
52,1,PROSPERIDAD,727,120,2020-05-18 23:00:06.858659,1515,5161
53,133,MIRASIERRA,1330,4689,2020-05-18 23:00:07.059580,334,2011
54,133,MIRASIERRA,1330,4697,2020-05-18 23:00:07.059580,1383,2820
55,133,MIRASIERRA,5382,4695,2020-05-18 23:00:07.833424,399,1893
56,133,MIRASIERRA,5382,4689,2020-05-18 23:00:07.833424,1182,11244
57,1,CRISTO REY,722,121,2020-05-18 23:00:07.217103,1036,872
58,44,CALLAO,1667,4734,2020-05-18 23:00:08.289436,794,2517
59,82,PITIS,4285,4715,2020-05-18 23:00:06.901421,650,2987
60,82,PITIS,4285,4717,2020-05-18 23:00:06.901421,2330,9627
61,82,PITIS,4282,4710,2020-05-18 23:00:05.508710,870,4891
62,44,CALLAO,737,4741,2020-05-18 23:00:06.922035,65,215
63,133,CALLAO,737,5474,2020-05-18 23:00:06.922035,731,8652
64,44,CALLAO,737,4734,2020-05-18 23:00:06.922035,1417,5027
65,1,PROSPERIDAD,737,116,2020-05-18 23:00:06.922035,1660,3446
66,133,MIRASIERRA,734,4689,2020-05-18 23:00:07.886456,59,461
67,1,CRISTO REY,734,116,2020-05-18 23:00:07.886456,151,822
68,44,MARQUES DE VIANA,734,4741,2020-05-18 23:00:07.886456,835,3152
69,133,MIRASIERRA,734,4697,2020-05-18 23:00:07.886456,1110,1330
70,1,CRISTO REY,734,119,2020-05-18 23:00:07.886456,1283,5783
71,132,MONCLOA,1692,4687,2020-05-18 23:00:07.227444,81,438
72,82,MONCLOA,1692,4717,2020-05-18 23:00:07.227444,422,2937
73,132,MONCLOA,1692,4825,2020-05-18 23:00:07.227444,1143,6292
74,82,MONCLOA,1692,4713,2020-05-18 23:00:07.227444,1543,8402
75,132,MONCLOA,1509,4825,2020-05-18 23:00:08.329077,315,1281
76,44,CALLAO,193,4741,2020-05-18 23:00:05.495402,150,768
77,133,CALLAO,193,5474,2020-05-18 23:00:05.495402,829,9566
78,44,CALLAO,193,4734,2020-05-18 23:00:05.495402,1508,5470
79,1,PROSPERIDAD,193,116,2020-05-18 23:00:05.495402,1732,3832
80,44,MARQUES DE VIANA,2394,4741,2020-05-18 23:00:07.096372,1265,5651
81,132,MONCLOA,1511,4825,2020-05-18 23:00:07.905440,338,1430
82,133,MIRASIERRA,5573,4697,2020-05-18 23:00:07.228017,772,0
83,133,MIRASIERRA,5573,5474,2020-05-18 23:00:07.228017,1792,10663
84,132,MONCLOA,1515,4825,2020-05-18 23:00:05.484339,378,1798
85,133,CALLAO,1344,5474,2020-05-18 23:00:07.054795,275,3791
86,132,HOSPITAL LA PAZ,1657,4834,2020-05-18 23:00:07.882712,124,626
87,132,HOSPITAL LA PAZ,1657,4692,2020-05-18 23:00:07.882712,771,4821
88,132,MONCLOA,1648,4825,2020-05-18 23:00:08.296979,679,3514
89,132,HOSPITAL LA PAZ,1368,4834,2020-05-18 23:00:07.889715,541,2720
90,132,HOSPITAL LA PAZ,1368,4692,2020-05-18 23:00:07.889715,1205,6849
91,1,CRISTO REY,718,121,2020-05-18 23:00:07.334402,991,511
92,132,HOSPITAL LA PAZ,1653,4834,2020-05-18 23:00:05.495707,13,91
93,132,HOSPITAL LA PAZ,1653,4692,2020-05-18 23:00:05.495707,660,4203
94,132,MONCLOA,3284,4825,2020-05-18 23:00:05.482531,964,5013
95,133,CALLAO,1353,5474,2020-05-18 23:00:07.097416,115,1287
96,132,HOSPITAL LA PAZ,1651,4692,2020-05-18 23:00:05.515232,638,3936
97,132,HOSPITAL LA PAZ,1651,4835,2020-05-18 23:00:05.515232,1310,7602
98,133,MIRASIERRA,5793,4689,2020-05-18 23:00:07.192761,545,6288
99,133,MIRASIERRA,5793,4697,2020-05-18 23:00:07.192761,1611,7098
100,133,MIRASIERRA,1745,4695,2020-05-18 23:00:07.901348,781,4075
101,133,MIRASIERRA,1745,4689,2020-05-18 23:00:07.901348,1467,13443
102,133,CALLAO,1348,5474,2020-05-18 23:00:06.369961,195,2437
103,132,MONCLOA,1365,4825,2020-05-18 23:00:06.733291,134,626
104,44,CALLAO,1669,4734,2020-05-18 23:00:07.392302,763,2251
105,133,CALLAO,1335,5474,2020-05-18 23:00:06.723829,500,6892
106,1,CRISTO REY,730,119,2020-05-18 23:00:06.921704,227,831
107,1,CRISTO REY,730,121,2020-05-18 23:00:06.921704,1410,2205
108,82,PITIS,4175,4715,2020-05-18 23:00:05.500426,374,972
109,132,HOSPITAL LA PAZ,4175,4835,2020-05-18 23:00:05.500426,393,1028
110,132,HOSPITAL LA PAZ,4175,4687,2020-05-18 23:00:05.500426,1190,4379
111,82,PITIS,4175,4717,2020-05-18 23:00:05.500426,2055,7268
112,82,PITIS,1701,4715,2020-05-18 23:00:06.528046,797,4138
113,82,PITIS,1701,4717,2020-05-18 23:00:06.528046,2478,10531
114,132,HOSPITAL LA PAZ,1510,4834,2020-05-18 23:00:07.182990,338,1675
115,132,HOSPITAL LA PAZ,1510,4692,2020-05-18 23:00:07.182990,981,5956
116,44,MARQUES DE VIANA,1670,4722,2020-05-18 23:00:08.342139,184,733
117,44,MARQUES DE VIANA,1670,4741,2020-05-18 23:00:08.342139,1470,6562
118,1,PROSPERIDAD,723,120,2020-05-18 23:00:06.426491,326,966
119,1,PROSPERIDAD,723,116,2020-05-18 23:00:06.426491,2039,5148
120,132,HOSPITAL LA PAZ,3290,4828,2020-05-18 23:00:06.836318,183,1129
121,132,HOSPITAL LA PAZ,3290,4834,2020-05-18 23:00:06.836318,768,4210
122,1,CRISTO REY,452,119,2020-05-18 23:00:07.905174,648,2663
123,1,CRISTO REY,452,121,2020-05-18 23:00:07.905174,1815,3957
124,82,MONCLOA,1700,4717,2020-05-18 23:00:06.150488,223,1750
125,82,MONCLOA,1700,4713,2020-05-18 23:00:06.150488,1357,7464
126,133,MIRASIERRA,1338,4689,2020-05-18 23:00:05.498144,414,3402
127,133,MIRASIERRA,1338,4697,2020-05-18 23:00:05.498144,1445,4198
128,132,HOSPITAL LA PAZ,3277,4692,2020-05-18 23:00:05.533631,51,332
129,132,HOSPITAL LA PAZ,3277,4835,2020-05-18 23:00:05.533631,699,3869
130,44,MARQUES DE VIANA,2398,4722,2020-05-18 23:00:07.268177,312,1363
131,1,CRISTO REY,725,119,2020-05-18 23:00:07.930534,15,29
132,1,CRISTO REY,725,121,2020-05-18 23:00:07.930534,1209,1473
133,82,MONCLOA,1717,4713,2020-05-18 23:00:06.889715,929,4469
134,1,PROSPERIDAD,171,120,2020-05-18 23:00:07.069189,121,338
135,1,PROSPERIDAD,171,116,2020-05-18 23:00:07.069189,1881,4533
136,132,MONCLOA,1685,4687,2020-05-18 23:00:07.929958,156,1255
137,82,MONCLOA,1685,4717,2020-05-18 23:00:07.929958,515,3787
138,132,MONCLOA,1685,4825,2020-05-18 23:00:07.929958,1220,7060
139,82,MONCLOA,1685,4713,2020-05-18 23:00:07.929958,1653,9192
140,82,MONCLOA,1694,4717,2020-05-18 23:00:07.958296,360,2643
141,82,MONCLOA,1694,4713,2020-05-18 23:00:07.958296,1501,8306
142,44,MARQUES DE VIANA,5591,4722,2020-05-18 23:00:07.936370,75,209
143,44,MARQUES DE VIANA,5591,4741,2020-05-18 23:00:07.936370,1385,6043
144,132,HOSPITAL LA PAZ,3281,4692,2020-05-18 23:00:07.880307,193,1372
145,132,HOSPITAL LA PAZ,3281,4835,2020-05-18 23:00:07.880307,840,4905
146,132,HOSPITAL LA PAZ,3278,4692,2020-05-18 23:00:07.928986,121,717
147,132,HOSPITAL LA PAZ,3278,4835,2020-05-18 23:00:07.928986,769,4247
148,82,PITIS,743,4715,2020-05-18 23:00:07.097009,317,757
149,132,HOSPITAL LA PAZ,743,4835,2020-05-18 23:00:07.097009,320,811
150,44,MARQUES DE VIANA,743,4741,2020-05-18 23:00:07.097009,1080,4580
151,132,HOSPITAL LA PAZ,743,4687,2020-05-18 23:00:07.097009,1118,4156
152,1,CRISTO REY,743,116,2020-05-18 23:00:07.097009,1288,2412
153,82,PITIS,743,4717,2020-05-18 23:00:07.097009,1998,6790
154,1,CRISTO REY,743,119,2020-05-18 23:00:07.097009,2436,7367
155,1,PROSPERIDAD,745,120,2020-05-18 23:00:07.905839,2246,7256
156,133,MIRASIERRA,172,4689,2020-05-18 23:00:07.903037,11,92
157,1,CRISTO REY,172,116,2020-05-18 23:00:07.903037,99,525
158,44,MARQUES DE VIANA,172,4741,2020-05-18 23:00:07.903037,771,2853
159,133,MIRASIERRA,172,4697,2020-05-18 23:00:07.903037,1076,1050
160,1,CRISTO REY,172,119,2020-05-18 23:00:07.903037,1218,5223
161,132,HOSPITAL LA PAZ,1373,4828,2020-05-18 23:00:06.549231,86,531
162,132,HOSPITAL LA PAZ,1373,4834,2020-05-18 23:00:06.549231,667,3608
163,132,HOSPITAL LA PAZ,1649,4692,2020-05-18 23:00:05.512232,544,3632
164,132,HOSPITAL LA PAZ,1649,4835,2020-05-18 23:00:05.512232,1189,7059
165,132,MONCLOA,1644,4825,2020-05-18 23:00:07.910021,753,4124
166,82,MONCLOA,1696,4717,2020-05-18 23:00:07.968074,355,2510
167,82,MONCLOA,1696,4713,2020-05-18 23:00:07.968074,1483,8124
168,132,MONCLOA,1654,4825,2020-05-18 23:00:06.888323,544,2612
169,133,MIRASIERRA,1618,4695,2020-05-18 23:00:07.900805,225,975
170,133,MIRASIERRA,1618,4689,2020-05-18 23:00:07.900805,1052,10341
171,132,MONCLOA,1675,4825,2020-05-18 23:00:07.223126,892,4463
172,82,MONCLOA,5716,4717,2020-05-18 23:00:06.637345,65,510
173,82,MONCLOA,5716,4713,2020-05-18 23:00:06.637345,1190,6142
174,1,PROSPERIDAD,724,120,2020-05-18 23:00:06.864094,425,1238
175,1,PROSPERIDAD,724,116,2020-05-18 23:00:06.864094,2115,5414
176,133,CALLAO,5652,5474,2020-05-18 23:00:08.351372,80,697
177,132,MONCLOA,1688,4687,2020-05-18 23:00:05.510995,127,908
178,82,MONCLOA,1688,4717,2020-05-18 23:00:05.510995,472,3574
179,132,MONCLOA,1688,4825,2020-05-18 23:00:05.510995,1188,6765
180,82,MONCLOA,1688,4713,2020-05-18 23:00:05.510995,1601,8892
181,1,PROSPERIDAD,715,120,2020-05-18 23:00:05.495463,2099,6851
182,133,MIRASIERRA,1343,4689,2020-05-18 23:00:06.460841,534,6080
183,133,MIRASIERRA,1343,4697,2020-05-18 23:00:06.460841,1599,6781
184,1,PROSPERIDAD,424,120,2020-05-18 23:00:05.510188,959,3175
185,1,PROSPERIDAD,424,116,2020-05-18 23:00:05.510188,2527,7307
186,44,MARQUES DE VIANA,1676,4722,2020-05-18 23:00:07.891086,506,1899
187,82,PITIS,1686,4715,2020-05-18 23:00:05.486386,508,1954
188,132,HOSPITAL LA PAZ,1686,4835,2020-05-18 23:00:05.486386,519,2177
189,132,HOSPITAL LA PAZ,1686,4687,2020-05-18 23:00:05.486386,1291,5453
190,82,PITIS,1686,4717,2020-05-18 23:00:05.486386,2187,8245
191,132,HOSPITAL LA PAZ,1691,4835,2020-05-18 23:00:06.437833,551,2712
192,82,PITIS,1691,4715,2020-05-18 23:00:06.437833,601,2502
193,132,HOSPITAL LA PAZ,1691,4687,2020-05-18 23:00:06.437833,1348,6274
194,82,PITIS,1691,4717,2020-05-18 23:00:06.437833,2280,9081
195,132,HOSPITAL LA PAZ,1366,4834,2020-05-18 23:00:06.370022,507,2425
196,132,HOSPITAL LA PAZ,1366,4692,2020-05-18 23:00:06.370022,1137,6513
197,44,CALLAO,2389,4734,2020-05-18 23:00:07.163630,1174,4141
198,132,MONCLOA,1650,4825,2020-05-18 23:00:05.520648,621,3107
199,133,CALLAO,23,5474,2020-05-18 23:00:07.435345,426,6652
200,132,MONCLOA,1658,4825,2020-05-18 23:00:06.890627,439,2085
201,44,CALLAO,1671,4734,2020-05-18 23:00:07.953293,717,2036
202,44,MARQUES DE VIANA,5572,4741,2020-05-18 23:00:06.014401,533,1823
203,44,MARQUES DE VIANA,5572,4734,2020-05-18 23:00:06.014401,1793,6475
204,1,CRISTO REY,5137,119,2020-05-18 23:00:05.869663,882,3841
205,1,CRISTO REY,5137,121,2020-05-18 23:00:05.869663,2072,5310
206,82,PITIS,1329,4715,2020-05-18 23:00:05.477841,115,34
207,132,HOSPITAL LA PAZ,1329,4835,2020-05-18 23:00:05.477841,156,115
208,132,HOSPITAL LA PAZ,1329,4687,2020-05-18 23:00:05.477841,954,3108
209,82,PITIS,1329,4717,2020-05-18 23:00:05.477841,1795,5855
210,132,MONCLOA,1367,4825,2020-05-18 23:00:06.460713,88,428
211,44,CALLAO,3682,4734,2020-05-18 23:00:06.914900,252,85
212,133,MIRASIERRA,3293,4695,2020-05-18 23:00:06.348706,444,2191
213,133,MIRASIERRA,3293,4689,2020-05-18 23:00:06.348706,1245,11930
214,1,CRISTO REY,161,119,2020-05-18 23:00:05.515632,710,3075
215,1,CRISTO REY,161,121,2020-05-18 23:00:05.515632,1879,4375
216,132,MONCLOA,4514,4687,2020-05-18 23:00:06.426825,312,2438
217,82,MONCLOA,4514,4717,2020-05-18 23:00:06.426825,637,4749
218,44,CALLAO,4514,4734,2020-05-18 23:00:06.426825,1241,4112
219,132,MONCLOA,4514,4825,2020-05-18 23:00:06.426825,1379,8164
220,1,PROSPERIDAD,4514,116,2020-05-18 23:00:06.426825,1442,2679
221,82,MONCLOA,4514,4713,2020-05-18 23:00:06.426825,1800,10368
222,1,PROSPERIDAD,4514,119,2020-05-18 23:00:06.426825,2692,7341
223,1,CRISTO REY,733,119,2020-05-18 23:00:05.514469,459,1793
224,1,CRISTO REY,733,121,2020-05-18 23:00:05.514469,1636,3039
225,1,PROSPERIDAD,425,120,2020-05-18 23:00:07.955941,1001,3463
226,1,PROSPERIDAD,425,116,2020-05-18 23:00:07.955941,2560,7592
227,1,PROSPERIDAD,70,120,2020-05-18 23:00:07.219433,602,1926
228,1,PROSPERIDAD,70,116,2020-05-18 23:00:07.219433,2252,6087
229,132,HOSPITAL LA PAZ,1645,4692,2020-05-18 23:00:05.518356,471,3112
230,132,HOSPITAL LA PAZ,1645,4835,2020-05-18 23:00:05.518356,1143,6778
231,1,PROSPERIDAD,729,120,2020-05-18 23:00:08.100886,1367,4722
232,133,MIRASIERRA,1334,4689,2020-05-18 23:00:07.059927,385,2754
233,133,MIRASIERRA,1334,4697,2020-05-18 23:00:07.059927,1402,3716
234,44,CALLAO,2395,4734,2020-05-18 23:00:06.603348,971,3028
235,132,MONCLOA,3047,4687,2020-05-18 23:00:06.743163,418,2974
236,82,MONCLOA,3047,4717,2020-05-18 23:00:06.743163,1042,5673
237,82,MONCLOA,3047,4713,2020-05-18 23:00:06.743163,2206,11334
238,133,CALLAO,1346,5474,2020-05-18 23:00:08.289920,254,3420
239,1,CRISTO REY,732,119,2020-05-18 23:00:07.968978,329,1255
240,1,CRISTO REY,732,121,2020-05-18 23:00:07.968978,1505,2760
241,82,MONCLOA,5309,4717,2020-05-18 23:00:07.213347,176,1317
242,82,MONCLOA,5309,4713,2020-05-18 23:00:07.213347,1307,7074
243,82,MONCLOA,1721,4713,2020-05-18 23:00:06.426933,814,3969
244,1,PROSPERIDAD,2304,120,2020-05-18 23:00:05.491822,1816,5787
245,1,CRISTO REY,449,119,2020-05-18 23:00:07.954801,487,1855
246,1,CRISTO REY,449,121,2020-05-18 23:00:07.954801,1688,3339
247,133,MIRASIERRA,1349,4689,2020-05-18 23:00:06.443577,669,7695
248,133,MIRASIERRA,1349,4697,2020-05-18 23:00:06.443577,1734,8461
249,132,HOSPITAL LA PAZ,3688,4835,2020-05-18 23:00:06.636364,173,256
250,82,PITIS,3688,4715,2020-05-18 23:00:06.636364,189,174
251,133,MIRASIERRA,3688,4689,2020-05-18 23:00:06.636364,267,1285
252,132,HOSPITAL LA PAZ,3688,4687,2020-05-18 23:00:06.636364,972,3428
253,133,MIRASIERRA,3688,4697,2020-05-18 23:00:06.636364,1317,2059
254,82,PITIS,3688,4717,2020-05-18 23:00:06.636364,1868,6200
255,133,MIRASIERRA,1341,4689,2020-05-18 23:00:05.513335,483,4938
256,133,MIRASIERRA,1341,4697,2020-05-18 23:00:05.513335,1529,5575
257,44,CALLAO,1679,4734,2020-05-18 23:00:07.727822,450,650
258,132,HOSPITAL LA PAZ,3273,4835,2020-05-18 23:00:05.511895,600,3069
259,132,HOSPITAL LA PAZ,3273,4687,2020-05-18 23:00:05.511895,1372,6335
260,82,PITIS,1629,4710,2020-05-18 23:00:07.080936,460,2894
261,82,PITIS,1629,4715,2020-05-18 23:00:07.080936,1643,9552
262,1,PROSPERIDAD,721,120,2020-05-18 23:00:06.198617,1891,6134
263,82,MONCLOA,1727,4713,2020-05-18 23:00:07.885001,658,2991
264,133,CALLAO,1333,5474,2020-05-18 23:00:06.835478,518,7361
265,132,HOSPITAL LA PAZ,1372,4828,2020-05-18 23:00:08.352883,53,327
266,132,HOSPITAL LA PAZ,1372,4834,2020-05-18 23:00:08.352883,634,3411
267,82,PITIS,3391,4715,2020-05-18 23:00:06.442271,934,5236
268,82,PITIS,3391,4717,2020-05-18 23:00:06.442271,2617,11367
269,82,PITIS,1633,4710,2020-05-18 23:00:07.089003,326,2013
270,82,PITIS,1633,4715,2020-05-18 23:00:07.089003,1529,8540
271,132,HOSPITAL LA PAZ,1786,4834,2020-05-18 23:00:07.228655,374,1856
272,132,HOSPITAL LA PAZ,1786,4692,2020-05-18 23:00:07.228655,1025,5868
273,132,HOSPITAL LA PAZ,4021,4835,2020-05-18 23:00:05.541731,245,513
274,82,PITIS,4021,4715,2020-05-18 23:00:05.541731,263,458
275,1,CRISTO REY,4021,116,2020-05-18 23:00:05.541731,361,1815
276,44,MARQUES DE VIANA,4021,4741,2020-05-18 23:00:05.541731,1043,4153
277,132,HOSPITAL LA PAZ,4021,4687,2020-05-18 23:00:05.541731,1043,3561
278,1,CRISTO REY,4021,119,2020-05-18 23:00:05.541731,1487,6813
279,82,PITIS,4021,4717,2020-05-18 23:00:05.541731,1943,6618
280,82,MONCLOA,1630,4713,2020-05-18 23:00:07.242227,522,2080
281,132,MONCLOA,4643,4825,2020-05-18 23:00:06.636580,576,2795
282,44,MARQUES DE VIANA,2400,4722,2020-05-18 23:00:06.766670,357,1580
283,44,CALLAO,2397,4734,2020-05-18 23:00:06.890349,671,1785
284,133,MIRASIERRA,1616,4695,2020-05-18 23:00:07.237482,255,1171
285,133,MIRASIERRA,1616,4689,2020-05-18 23:00:07.237482,1076,10572
286,44,MARQUES DE VIANA,1666,4722,2020-05-18 23:00:07.981055,107,366
287,44,MARQUES DE VIANA,1666,4741,2020-05-18 23:00:07.981055,1410,6204
288,82,PITIS,1635,4710,2020-05-18 23:00:09.085543,353,2175
289,82,PITIS,1635,4715,2020-05-18 23:00:09.085543,1556,8702
290,133,MIRASIERRA,1340,4689,2020-05-18 23:00:08.321045,436,3946
291,133,MIRASIERRA,1340,4697,2020-05-18 23:00:08.321045,1455,4840
292,44,MARQUES DE VIANA,1668,4722,2020-05-18 23:00:07.881121,134,518
293,44,MARQUES DE VIANA,1668,4741,2020-05-18 23:00:07.881121,1431,6353
294,133,MIRASIERRA,1637,4695,2020-05-18 23:00:08.308099,401,1953
295,133,MIRASIERRA,1637,4689,2020-05-18 23:00:08.308099,1213,11497
296,133,MIRASIERRA,3296,4695,2020-05-18 23:00:05.482668,720,3696
297,133,MIRASIERRA,3296,4689,2020-05-18 23:00:05.482668,1474,12464
298,82,MONCLOA,1725,4713,2020-05-18 23:00:06.633732,720,3178
299,132,HOSPITAL LA PAZ,1689,4835,2020-05-18 23:00:06.373168,554,2603
300,82,PITIS,1689,4715,2020-05-18 23:00:06.373168,564,2472
301,132,HOSPITAL LA PAZ,1689,4687,2020-05-18 23:00:06.373168,1328,5765
302,82,PITIS,1689,4717,2020-05-18 23:00:06.373168,2244,8421
303,1,PROSPERIDAD,717,120,2020-05-18 23:00:07.183034,2001,6488
304,133,MIRASIERRA,3294,4695,2020-05-18 23:00:07.225223,585,2940
305,133,MIRASIERRA,3294,4689,2020-05-18 23:00:07.225223,1333,12426
306,44,CALLAO,1677,4734,2020-05-18 23:00:06.471224,521,1053
307,132,MONCLOA,3280,4825,2020-05-18 23:00:07.908149,1040,5726
308,132,HOSPITAL LA PAZ,1647,4692,2020-05-18 23:00:06.323357,503,3467
309,132,HOSPITAL LA PAZ,1647,4835,2020-05-18 23:00:06.323357,1195,7125
310,44,CALLAO,735,4741,2020-05-18 23:00:07.909508,111,452
311,133,CALLAO,735,5474,2020-05-18 23:00:07.909508,788,9257
312,44,CALLAO,735,4734,2020-05-18 23:00:07.909508,1479,5112
313,1,PROSPERIDAD,735,116,2020-05-18 23:00:07.909508,1711,3581
314,44,CALLAO,5098,4734,2020-05-18 23:00:05.513322,820,2738
315,1,CRISTO REY,1750,116,2020-05-18 23:00:05.470765,71,387
316,44,MARQUES DE VIANA,1750,4741,2020-05-18 23:00:05.470765,752,2715
317,133,MIRASIERRA,1750,4697,2020-05-18 23:00:05.470765,1062,932
318,1,CRISTO REY,1750,119,2020-05-18 23:00:05.470765,1238,5464
319,132,HOSPITAL LA PAZ,1577,4692,2020-05-18 23:00:07.945498,379,2559
320,132,HOSPITAL LA PAZ,1577,4835,2020-05-18 23:00:07.945498,1071,6206
321,133,MIRASIERRA,1352,4689,2020-05-18 23:00:07.672686,747,8404
322,133,MIRASIERRA,1352,4697,2020-05-18 23:00:07.672686,1780,8811
323,82,PITIS,1730,4710,2020-05-18 23:00:08.349678,385,2406
324,82,PITIS,1730,4715,2020-05-18 23:00:08.349678,1568,9066
325,82,MONCLOA,4292,4713,2020-05-18 23:00:06.746270,293,97
326,82,MONCLOA,1715,4713,2020-05-18 23:00:08.335690,984,4851
327,1,CRISTO REY,728,119,2020-05-18 23:00:07.728439,113,381
328,1,CRISTO REY,728,121,2020-05-18 23:00:07.728439,1307,1814
329,132,MONCLOA,1513,4825,2020-05-18 23:00:07.875266,345,1626
330,82,MONCLOA,1706,4717,2020-05-18 23:00:08.236064,107,780
331,82,MONCLOA,1706,4713,2020-05-18 23:00:08.236064,1232,6399
332,132,MONCLOA,3287,4825,2020-05-18 23:00:06.426640,225,1024
333,82,MONCLOA,1719,4713,2020-05-18 23:00:06.621338,902,4127
334,44,CALLAO,3895,4734,2020-05-18 23:00:06.348740,233,0
335,133,MIRASIERRA,736,4689,2020-05-18 23:00:08.103597,107,670
336,1,CRISTO REY,736,116,2020-05-18 23:00:08.103597,181,982
337,44,MARQUES DE VIANA,736,4741,2020-05-18 23:00:08.103597,876,3546
338,133,MIRASIERRA,736,4697,2020-05-18 23:00:08.103597,1172,1563
339,1,CRISTO REY,736,119,2020-05-18 23:00:08.103597,1311,5797
340,133,MIRASIERRA,1356,4695,2020-05-18 23:00:05.477330,48,153
341,133,MIRASIERRA,1356,4689,2020-05-18 23:00:05.477330,915,9502
342,1,CRISTO REY,69,119,2020-05-18 23:00:07.412536,776,3359
343,1,CRISTO REY,69,121,2020-05-18 23:00:07.412536,1964,4491
344,82,MONCLOA,1698,4717,2020-05-18 23:00:06.540944,309,2109
345,82,MONCLOA,1698,4713,2020-05-18 23:00:06.540944,1442,7723
346,133,MIRASIERRA,1332,4689,2020-05-18 23:00:06.889845,360,2442
347,133,MIRASIERRA,1332,4697,2020-05-18 23:00:06.889845,1393,3112
348,82,PITIS,1724,4710,2020-05-18 23:00:07.900321,260,1561
349,82,PITIS,1724,4715,2020-05-18 23:00:07.900321,1463,8090
350,44,CALLAO,2399,4734,2020-05-18 23:00:07.236757,613,1575
351,133,MIRASIERRA,1636,4695,2020-05-18 23:00:06.602744,362,1634
352,133,MIRASIERRA,1636,4689,2020-05-18 23:00:06.602744,1152,11162
353,133,MIRASIERRA,1336,4689,2020-05-18 23:00:08.294427,406,3266
354,133,MIRASIERRA,1336,4697,2020-05-18 23:00:08.294427,1438,4078
355,82,MONCLOA,1723,4713,2020-05-18 23:00:08.218261,762,3391
356,44,CALLAO,2391,4734,2020-05-18 23:00:07.902711,1114,3881
357,82,MONCLOA,4405,4713,2020-05-18 23:00:08.291066,364,504
358,1,PROSPERIDAD,5138,120,2020-05-18 23:00:06.915962,461,1391
359,1,PROSPERIDAD,5138,116,2020-05-18 23:00:06.915962,2143,5564
360,44,CALLAO,2393,4734,2020-05-18 23:00:05.490153,1085,3633
361,44,MARQUES DE VIANA,2392,4741,2020-05-18 23:00:08.297321,1182,5247
362,132,MONCLOA,93,4825,2020-05-18 23:00:06.460943,50,252
363,132,HOSPITAL LA PAZ,3285,4692,2020-05-18 23:00:07.224643,257,1813
364,132,HOSPITAL LA PAZ,3285,4835,2020-05-18 23:00:07.224643,928,5420
365,44,CALLAO,5139,4741,2020-05-18 23:00:05.496172,305,1429
366,133,CALLAO,5139,5474,2020-05-18 23:00:05.496172,924,10006
367,44,CALLAO,5139,4734,2020-05-18 23:00:05.496172,1654,5991
368,82,PITIS,1722,4710,2020-05-18 23:00:06.722863,228,1323
369,82,PITIS,1722,4715,2020-05-18 23:00:06.722863,1431,7850
370,132,HOSPITAL LA PAZ,3283,4692,2020-05-18 23:00:05.476025,243,1675
371,132,HOSPITAL LA PAZ,3283,4835,2020-05-18 23:00:05.476025,887,5095
372,1,CRISTO REY,4816,116,2020-05-18 23:00:08.350072,281,1447
373,44,MARQUES DE VIANA,4816,4741,2020-05-18 23:00:08.350072,979,3957
374,1,CRISTO REY,4816,119,2020-05-18 23:00:08.350072,1423,6373
375,82,MONCLOA,1731,4713,2020-05-18 23:00:06.766597,586,2544
376,82,PITIS,1718,4710,2020-05-18 23:00:07.889390,102,590
377,82,PITIS,1718,4715,2020-05-18 23:00:07.889390,1305,7120
378,44,MARQUES DE VIANA,1678,4722,2020-05-18 23:00:06.761508,553,2403
379,82,PITIS,3756,4715,2020-05-18 23:00:05.520679,1162,6925
380,133,MIRASIERRA,1358,4695,2020-05-18 23:00:07.222471,137,468
381,133,MIRASIERRA,1358,4689,2020-05-18 23:00:07.222471,982,10030
382,133,MIRASIERRA,1351,4689,2020-05-18 23:00:06.876635,714,7731
383,133,MIRASIERRA,1351,4697,2020-05-18 23:00:06.876635,1721,8966
384,132,HOSPITAL LA PAZ,1514,4834,2020-05-18 23:00:06.473442,243,1113
385,132,HOSPITAL LA PAZ,1514,4692,2020-05-18 23:00:06.473442,893,5114
386,132,HOSPITAL LA PAZ,5140,4692,2020-05-18 23:00:07.184507,154,1015
387,132,HOSPITAL LA PAZ,5140,4835,2020-05-18 23:00:07.184507,802,4550
388,1,CRISTO REY,5135,119,2020-05-18 23:00:06.550847,814,3568
389,1,CRISTO REY,5135,121,2020-05-18 23:00:06.550847,1997,4983
390,82,PITIS,5729,4710,2020-05-18 23:00:06.270738,438,2745
391,82,PITIS,5729,4715,2020-05-18 23:00:06.270738,1621,9403
392,132,HOSPITAL LA PAZ,1512,4834,2020-05-18 23:00:06.447121,282,1394
393,132,HOSPITAL LA PAZ,1512,4692,2020-05-18 23:00:06.447121,940,5776
394,132,MONCLOA,3274,4687,2020-05-18 23:00:07.052821,11,88
395,132,MONCLOA,3274,4825,2020-05-18 23:00:07.052821,1073,5986
396,82,PITIS,1699,4715,2020-05-18 23:00:06.636315,708,3611
397,82,PITIS,1699,4717,2020-05-18 23:00:06.636315,2387,10142
398,133,CALLAO,1342,5474,2020-05-18 23:00:07.220818,336,4964
399,82,PITIS,1711,4715,2020-05-18 23:00:07.327782,1036,5593
400,82,MONCLOA,1738,4713,2020-05-18 23:00:05.498336,547,2166
401,133,MIRASIERRA,1354,4689,2020-05-18 23:00:08.299834,778,8975
402,133,MIRASIERRA,1354,4697,2020-05-18 23:00:08.299834,1843,9603
403,82,MONCLOA,1729,4713,2020-05-18 23:00:06.762267,611,2726
404,82,PITIS,1693,4715,2020-05-18 23:00:06.783088,631,2780
405,82,PITIS,1693,4717,2020-05-18 23:00:06.783088,2310,9430
406,1,PROSPERIDAD,726,120,2020-05-18 23:00:05.497416,1647,5404
407,1,CRISTO REY,716,121,2020-05-18 23:00:07.899742,928,165
408,1,CRISTO REY,2307,121,2020-05-18 23:00:08.354058,1134,1276
409,133,CALLAO,740,5474,2020-05-18 23:00:06.639340,675,8520
410,1,CRISTO REY,451,119,2020-05-18 23:00:06.464145,591,2423
411,1,CRISTO REY,451,121,2020-05-18 23:00:06.464145,1750,3627
412,1,PROSPERIDAD,164,120,2020-05-18 23:00:07.082080,540,1598
413,1,PROSPERIDAD,164,116,2020-05-18 23:00:07.082080,2204,5766
414,1,CRISTO REY,273,121,2020-05-18 23:00:06.191189,892,0
415,1,PROSPERIDAD,426,120,2020-05-18 23:00:05.457845,1106,3751
416,1,PROSPERIDAD,426,116,2020-05-18 23:00:05.457845,2642,7874
417,132,HOSPITAL LA PAZ,1643,4692,2020-05-18 23:00:07.481837,423,2886
418,132,HOSPITAL LA PAZ,1643,4835,2020-05-18 23:00:07.481837,1115,6539
419,82,PITIS,1684,4715,2020-05-18 23:00:05.510407,489,1777
420,132,HOSPITAL LA PAZ,1684,4835,2020-05-18 23:00:05.510407,502,1992
421,132,HOSPITAL LA PAZ,1684,4687,2020-05-18 23:00:05.510407,1274,5270
422,82,PITIS,1684,4717,2020-05-18 23:00:05.510407,2167,8067
423,132,MONCLOA,4022,4687,2020-05-18 23:00:07.847909,385,2798
424,82,MONCLOA,4022,4717,2020-05-18 23:00:07.847909,720,5165
425,44,CALLAO,4022,4734,2020-05-18 23:00:07.847909,1301,4648
426,132,MONCLOA,4022,4825,2020-05-18 23:00:07.847909,1447,8559
427,1,PROSPERIDAD,4022,116,2020-05-18 23:00:07.847909,1508,2836
428,82,MONCLOA,4022,4713,2020-05-18 23:00:07.847909,1865,11095
429,133,MIRASIERRA,3571,4695,2020-05-18 23:00:08.165848,682,3478
430,133,MIRASIERRA,3571,4689,2020-05-18 23:00:08.165848,1388,13000
431,82,PITIS,1703,4715,2020-05-18 23:00:06.255431,837,4542
432,82,PITIS,1703,4717,2020-05-18 23:00:06.255431,2516,10855
433,133,MIRASIERRA,1347,4689,2020-05-18 23:00:07.095334,607,7252
434,133,MIRASIERRA,1347,4697,2020-05-18 23:00:07.095334,1671,7912
435,132,HOSPITAL LA PAZ,1655,4834,2020-05-18 23:00:06.527241,56,304
436,132,HOSPITAL LA PAZ,1655,4692,2020-05-18 23:00:06.527241,703,4396
437,82,PITIS,1716,4710,2020-05-18 23:00:06.487898,34,283
438,82,PITIS,1716,4715,2020-05-18 23:00:06.487898,1237,6873
439,132,HOSPITAL LA PAZ,1370,4828,2020-05-18 23:00:06.708125,4,20
440,132,HOSPITAL LA PAZ,1370,4834,2020-05-18 23:00:06.708125,613,2952
441,44,CALLAO,2401,4734,2020-05-18 23:00:07.703210,584,1345
442,82,MONCLOA,1712,4713,2020-05-18 23:00:07.904283,1104,5239
443,82,MONCLOA,1704,4717,2020-05-18 23:00:07.919663,153,1125
444,82,MONCLOA,1704,4713,2020-05-18 23:00:07.919663,1283,6874
445,132,MONCLOA,1331,4687,2020-05-18 23:00:06.442961,200,1608
446,82,MONCLOA,1331,4717,2020-05-18 23:00:06.442961,566,4166
447,133,CALLAO,1331,5474,2020-05-18 23:00:06.442961,610,7891
448,132,MONCLOA,1331,4825,2020-05-18 23:00:06.442961,1260,7424
449,82,MONCLOA,1331,4713,2020-05-18 23:00:06.442961,1700,9294
450,82,PITIS,1726,4710,2020-05-18 23:00:06.181650,306,1838
451,82,PITIS,1726,4715,2020-05-18 23:00:06.181650,1509,8365
452,44,CALLAO,3687,4734,2020-05-18 23:00:07.940075,1328,4836
453,1,PROSPERIDAD,3687,116,2020-05-18 23:00:07.940075,1546,3022
454,1,PROSPERIDAD,169,120,2020-05-18 23:00:06.879739,199,661
455,1,PROSPERIDAD,169,116,2020-05-18 23:00:06.879739,1941,4855
456,133,CALLAO,1355,5474,2020-05-18 23:00:07.223890,63,451
457,132,MONCLOA,3282,4825,2020-05-18 23:00:07.892048,993,5337
458,133,MIRASIERRA,738,4689,2020-05-18 23:00:05.457222,174,975
459,1,CRISTO REY,738,116,2020-05-18 23:00:05.457222,264,1344
460,44,MARQUES DE VIANA,738,4741,2020-05-18 23:00:05.457222,941,3724
461,133,MIRASIERRA,738,4697,2020-05-18 23:00:05.457222,1225,1805
462,1,CRISTO REY,738,119,2020-05-18 23:00:05.457222,1381,6093
463,82,MONCLOA,1710,4717,2020-05-18 23:00:05.489011,24,174
464,82,MONCLOA,1710,4713,2020-05-18 23:00:05.489011,1153,5558
465,82,PITIS,1709,4715,2020-05-18 23:00:08.282745,993,5688
466,82,PITIS,1709,4717,2020-05-18 23:00:08.282745,2674,11691
467,82,MONCLOA,5370,4717,2020-05-18 23:00:06.541113,338,2338
468,82,MONCLOA,5370,4713,2020-05-18 23:00:06.541113,1466,7943
469,132,MONCLOA,1690,4687,2020-05-18 23:00:08.257579,103,667
470,82,MONCLOA,1690,4717,2020-05-18 23:00:08.257579,440,3317
471,132,MONCLOA,1690,4825,2020-05-18 23:00:08.257579,1165,6531
472,82,MONCLOA,1690,4713,2020-05-18 23:00:08.257579,1569,8645
473,44,MARQUES DE VIANA,2396,4722,2020-05-18 23:00:08.329153,272,1022
474,1,CRISTO REY,9,119,2020-05-18 23:00:06.628693,1023,4366
475,1,CRISTO REY,9,121,2020-05-18 23:00:06.628693,2180,5666
476,132,MONCLOA,3292,4825,2020-05-18 23:00:06.782967,1048,5799
477,44,MARQUES DE VIANA,168,4741,2020-05-18 23:00:06.602401,633,2241
478,133,MIRASIERRA,168,4697,2020-05-18 23:00:06.602401,945,444
479,1,CRISTO REY,168,119,2020-05-18 23:00:06.602401,1094,4674
480,44,MARQUES DE VIANA,168,4734,2020-05-18 23:00:06.602401,1892,6742
481,133,MIRASIERRA,168,5474,2020-05-18 23:00:06.602401,1971,11270
482,132,MONCLOA,1646,4825,2020-05-18 23:00:07.082405,704,3674
